id,first_name,last_name,email,ip_address,phone_number,timezone,has_subscribed
1,Clement,Vicker,,212.71.195.73,386(317)549-9898,Europe/Ljubljana,true
2,Nanni,Henrot,,146.222.34.2,212(816)600-6898,Africa/Casablanca,true
3,Bayard,Clouter,bclouter2@squarespace.com,31.140.22.175,63(132)678-9587,Asia/Manila,false
4,Boy,Selvey,,86.44.21.37,86(422)827-2747,Asia/Chongqing,false
5,Karia,Bransby,kbransby4@aboutads.info,235.32.81.238,86(580)198-5454,Asia/Shanghai,true
6,Aurilia,Blackston,,242.115.229.1,63(728)843-3208,Asia/Manila,true
7,Iris,Gammett,,0.82.195.225,62(443)720-6822,Asia/Jakarta,false
8,Dalt,Garraway,,147.180.105.109,386(944)872-9446,Europe/Rome,true
9,Willie,Crankhorn,,114.151.146.119,62(110)560-3473,Asia/Jakarta,true
10,Karie,Roony,,117.72.233.57,63(913)589-8636,Asia/Manila,true
11,Syd,Neeson,sneesona@businesswire.com,115.181.181.68,62(690)525-2122,Asia/Makassar,true
12,Selie,Sneddon,ssneddonb@senate.gov,20.233.149.239,,,
13,Benjy,Shillinglaw,,114.158.38.100,234(719)118-5984,Africa/Lagos,true
14,Agata,Loyns,aloynsd@theguardian.com,132.203.244.91,216(132)608-7510,Africa/Tunis,true
15,Tedi,Eckery,,173.154.48.16,86(764)375-6890,Asia/Shanghai,false
16,Ross,Higgen,,1.227.224.244,86(317)375-3157,Asia/Chongqing,true
17,Reade,Brumfitt,,126.213.69.178,86(579)503-9276,Asia/Shanghai,true
18,Marcella,Sendall,,137.189.214.238,86(377)111-4175,Asia/Chongqing,false
19,Brewster,Clubley,,194.2.5.217,62(784)438-5828,Asia/Makassar,true
20,Angelina,Easson,,72.43.203.136,242(929)149-5951,Africa/Brazzaville,true
21,Ardyce,Rojahn,,149.14.74.13,86(943)636-7893,Asia/Shanghai,true
22,Hugues,Scorthorne,,198.48.166.157,63(139)633-2543,Asia/Manila,true
23,Flint,Eagell,,133.89.239.106,84(196)844-7999,Asia/Ho_Chi_Minh,false
24,Cyril,Seagar,,96.125.177.1,98(708)428-4262,Asia/Tehran,false
25,Jake,Yarrell,jyarrello@simplemachines.org,187.31.143.18,381(658)922-5574,Europe/Belgrade,false
26,Amata,Brumen,,191.226.233.65,30(625)802-0783,Europe/Athens,false
27,Ingemar,Cumberpatch,,20.84.157.88,53(814)368-9681,America/Havana,false
28,Janice,Dessaur,,235.133.147.245,58(636)900-8780,America/Caracas,false
29,Filbert,Lawman,flawmans@biblegateway.com,140.114.151.51,7(326)794-3649,Europe/Moscow,false
30,Melli,Astlett,,58.164.119.143,7(862)253-8165,Europe/Moscow,false
31,Frannie,Butfield,,208.111.131.12,86(394)811-3702,Asia/Shanghai,false
32,Blanche,Queste,,65.1.208.169,82(140)190-0686,Asia/Seoul,false
33,Laural,Joe,ljoew@drupal.org,31.229.105.4,63(410)419-6005,Asia/Manila,false
34,Belle,Giurio,,11.222.141.216,,,
35,Duky,Forgan,dforgany@pen.io,124.37.92.150,256(683)428-1718,Africa/Kampala,true
36,Aymer,Erdes,aerdesz@istockphoto.com,165.160.31.142,63(845)899-5767,Asia/Manila,false
37,Quill,Nash,qnash10@timesonline.co.uk,94.40.167.48,7(547)484-5669,Asia/Novosibirsk,false
38,Marya,Waker,,169.198.62.164,380(366)540-6619,Europe/Zaporozhye,true
39,Sheffield,Dionisi,sdionisi12@fc2.com,48.190.201.84,66(731)486-8142,Asia/Bangkok,false
40,Blake,Ryding,,245.9.70.52,7(689)550-3232,Europe/Moscow,false
41,Amandie,Ahlf,aahlf14@lulu.com,27.139.195.71,7(373)154-1897,Asia/Yekaterinburg,false
42,Marjorie,Spring,mspring15@latimes.com,90.242.79.128,63(683)608-8113,Asia/Manila,true
43,Kirk,Pickton,kpickton16@blog.com,139.17.177.106,1(812)186-0561,America/Chicago,true
44,Konstantin,Trent,ktrent17@slashdot.org,33.217.108.131,62(718)270-4631,Asia/Jakarta,true
45,Giordano,Fery,gfery18@multiply.com,160.67.133.145,86(767)475-4255,Asia/Chongqing,true
46,Levey,Sanchis,,140.59.152.162,46(424)704-0894,Europe/Stockholm,false
47,Giorgio,Pady,,64.135.145.59,27(154)420-0128,Africa/Johannesburg,false
48,Jolee,Redit,,195.197.95.208,62(369)459-5016,Asia/Jakarta,true
49,Raimondo,Whight,rwhight1c@alibaba.com,98.248.240.197,86(756)364-4759,Asia/Harbin,false
50,Diarmid,Easterbrook,deasterbrook1d@com.com,50.153.97.6,,,
